framework,workload,runs,rps_median,client_p50_ms,client_p90_ms,client_p95_ms,server_p50_ms,server_p90_ms,server_p95_ms,errors_pct
fastapi,fanout,3,991.5880493031243,226.075,594.3322000000002,732.5126,225.544,593.8834,731.9362,0.0
fastapi,mixed,3,1412.9497463546966,171.226,458.79440000000005,593.3174,138.137,423.2234000000001,584.3675,0.0
fastapi,read,3,1692.204870131802,164.964,679.4106,938.1673999999999,129.471,665.1095000000001,924.4791499999998,0.0
flask,fanout,3,265.09184355787465,904.897,2116.5056,2615.0697999999998,54.283,58.97,61.15749999999999,0.0
flask,mixed,3,1325.825852633664,232.494,404.5387,422.4482499999999,4.644,53.5494,62.148399999999995,0.0
flask,read,3,1476.1776353161267,276.088,737.8145000000001,789.23,3.406,7.353,58.056,0.0
