{
    "root_group": {
        "id": "d41d8cd98f00b204e9800998ecf8427e",
        "groups": {},
        "checks": {
                "status was 200": {
                    "name": "status was 200",
                    "path": "::status was 200",
                    "id": "1461660757a913d4fb82ac4c5e1009de",
                    "passes": 152734,
                    "fails": 0
                }
            },
        "name": "",
        "path": ""
    },
    "metrics": {
        "http_req_connecting": {
            "p(95)": 0,
            "avg": 0.0014964906307698346,
            "min": 0,
            "med": 0,
            "max": 0.708,
            "p(90)": 0
        },
        "http_req_tls_handshaking": {
            "avg": 0,
            "min": 0,
            "med": 0,
            "max": 0,
            "p(90)": 0,
            "p(95)": 0
        },
        "iterations": {
            "count": 152734,
            "rate": 1692.204870131802
        },
        "http_req_duration{expected_response:true}": {
            "p(95)": 936.6114999999992,
            "avg": 290.33686547854404,
            "min": 0.722,
            "med": 151.781,
            "max": 4615.374,
            "p(90)": 679.4106
        },
        "vus": {
            "min": 4,
            "max": 1000,
            "value": 1000
        },
        "checks": {
            "fails": 0,
            "passes": 152734,
            "value": 1
        },
        "http_req_duration": {
            "p(90)": 679.4106,
            "p(95)": 936.6114999999992,
            "avg": 290.33686547854404,
            "min": 0.722,
            "med": 151.781,
            "max": 4615.374,
            "thresholds": {
                "p(95)<2000": false
            }
        },
        "server_time_ms": {
            "avg": 278.76447161077556,
            "min": 0.532,
            "med": 121.075,
            "max": 4606.641,
            "p(90)": 665.1095000000001,
            "p(95)": 919.5366499999999
        },
        "http_req_failed": {
            "passes": 0,
            "fails": 152734,
            "thresholds": {
                "rate<0.01": false
            },
            "value": 0
        },
        "data_sent": {
            "count": 12660116,
            "rate": 140266.80340745053
        },
        "http_reqs": {
            "count": 152734,
            "rate": 1692.204870131802
        },
        "http_req_sending": {
            "avg": 0.006108207733703509,
            "min": 0.001,
            "med": 0.006,
            "max": 0.255,
            "p(90)": 0.008,
            "p(95)": 0.009
        },
        "iteration_duration": {
            "avg": 290.4019620203251,
            "min": 0.745459,
            "med": 151.8535,
            "max": 4615.406083,
            "p(90)": 679.468492,
            "p(95)": 936.6679686499992
        },
        "vus_max": {
            "value": 1000,
            "min": 1000,
            "max": 1000
        },
        "data_received": {
            "count": 53410105,
            "rate": 591753.2428617787
        },
        "http_req_waiting": {
            "p(90)": 675.7901,
            "p(95)": 931.4217,
            "avg": 287.077795723283,
            "min": 0.715,
            "med": 135.03,
            "max": 4613.974
        },
        "http_req_receiving": {
            "med": 1.452,
            "max": 206.336,
            "p(90)": 2.819,
            "p(95)": 5.070349999999993,
            "avg": 3.2529615475270712,
            "min": 0.004
        },
        "http_req_blocked": {
            "p(95)": 0.003,
            "avg": 0.003546584257593306,
            "min": 0,
            "med": 0.002,
            "max": 1.65,
            "p(90)": 0.002
        }
    }
}