{
    "root_group": {
        "name": "",
        "path": "",
        "id": "d41d8cd98f00b204e9800998ecf8427e",
        "groups": {},
        "checks": {
                "status was 200": {
                    "name": "status was 200",
                    "path": "::status was 200",
                    "id": "1461660757a913d4fb82ac4c5e1009de",
                    "passes": 152842,
                    "fails": 0
                }
            }
    },
    "metrics": {
        "iteration_duration": {
            "p(90)": 655.3430333000001,
            "p(95)": 938.22278335,
            "avg": 290.2092389545476,
            "min": 0.799417,
            "med": 170.79820899999999,
            "max": 3676.451417
        },
        "data_sent": {
            "count": 12668976,
            "rate": 140349.73905135362
        },
        "http_reqs": {
            "count": 152842,
            "rate": 1693.2177325213174
        },
        "data_received": {
            "count": 53451463,
            "rate": 592147.2172623173
        },
        "iterations": {
            "count": 152842,
            "rate": 1693.2177325213174
        },
        "http_req_connecting": {
            "p(95)": 0,
            "avg": 0.0014273890684497709,
            "min": 0,
            "med": 0,
            "max": 0.96,
            "p(90)": 0
        },
        "vus_max": {
            "value": 1000,
            "min": 1000,
            "max": 1000
        },
        "http_req_duration": {
            "avg": 290.14571071433636,
            "min": 0.753,
            "med": 170.731,
            "max": 3676.408,
            "p(90)": 655.2678000000001,
            "p(95)": 938.1673999999999,
            "thresholds": {
                "p(95)<2000": false
            }
        },
        "checks": {
            "fails": 0,
            "passes": 152842,
            "value": 1
        },
        "http_req_failed": {
            "passes": 0,
            "fails": 152842,
            "thresholds": {
                "rate<0.01": false
            },
            "value": 0
        },
        "server_time_ms": {
            "p(95)": 924.4791499999998,
            "avg": 278.6201862315319,
            "min": 0.538,
            "med": 136.493,
            "max": 3619.775,
            "p(90)": 621.0949
        },
        "http_req_blocked": {
            "p(95)": 0.003,
            "avg": 0.0034312688920547607,
            "min": 0,
            "med": 0.002,
            "max": 1.444,
            "p(90)": 0.002
        },
        "http_req_waiting": {
            "med": 165.4035,
            "max": 3624.888,
            "p(90)": 635.9540000000001,
            "p(95)": 933.2135499999993,
            "avg": 286.8821523076106,
            "min": 0.733
        },
        "http_req_duration{expected_response:true}": {
            "max": 3676.408,
            "p(90)": 655.2678000000001,
            "p(95)": 938.1673999999999,
            "avg": 290.14571071433636,
            "min": 0.753,
            "med": 170.731
        },
        "http_req_tls_handshaking": {
            "avg": 0,
            "min": 0,
            "med": 0,
            "max": 0,
            "p(90)": 0,
            "p(95)": 0
        },
        "vus": {
            "value": 1000,
            "min": 4,
            "max": 1000
        },
        "http_req_sending": {
            "avg": 0.006033956634953058,
            "min": 0.001,
            "med": 0.006,
            "max": 0.191,
            "p(90)": 0.008,
            "p(95)": 0.009
        },
        "http_req_receiving": {
            "avg": 3.2575244500857106,
            "min": 0.004,
            "med": 1.449,
            "max": 180.652,
            "p(90)": 2.8,
            "p(95)": 5.059
        }
    }
}