{
    "metrics": {
        "http_req_duration": {
            "avg": 296.16932689010144,
            "min": 0.757,
            "med": 164.964,
            "max": 4619.243,
            "p(90)": 690.5352,
            "p(95)": 982.0589999999995,
            "thresholds": {
                "p(95)<2000": false
            }
        },
        "iterations": {
            "count": 149873,
            "rate": 1659.1879421220583
        },
        "http_req_duration{expected_response:true}": {
            "min": 0.757,
            "med": 164.964,
            "max": 4619.243,
            "p(90)": 690.5352,
            "p(95)": 982.0589999999995,
            "avg": 296.16932689010144
        },
        "http_req_connecting": {
            "avg": 0.0015888585669199913,
            "min": 0,
            "med": 0,
            "max": 0.722,
            "p(90)": 0,
            "p(95)": 0
        },
        "http_req_tls_handshaking": {
            "min": 0,
            "med": 0,
            "max": 0,
            "p(90)": 0,
            "p(95)": 0,
            "avg": 0
        },
        "http_req_failed": {
            "passes": 0,
            "fails": 149873,
            "thresholds": {
                "rate<0.01": false
            },
            "value": 0
        },
        "iteration_duration": {
            "min": 0.779666,
            "med": 165.047417,
            "max": 4619.275084,
            "p(90)": 690.5960246,
            "p(95)": 982.1110667999997,
            "avg": 296.23510305808304
        },
        "data_sent": {
            "count": 12422967,
            "rate": 137530.02243085974
        },
        "data_received": {
            "count": 52411394,
            "rate": 580226.9451776397
        },
        "http_reqs": {
            "count": 149873,
            "rate": 1659.1879421220583
        },
        "http_req_waiting": {
            "p(95)": 978.8131999999998,
            "avg": 292.87626696603394,
            "min": 0.745,
            "med": 158.684,
            "max": 4617.866,
            "p(90)": 687.8834
        },
        "vus": {
            "value": 1000,
            "min": 4,
            "max": 1000
        },
        "http_req_blocked": {
            "p(90)": 0.002,
            "p(95)": 0.003,
            "avg": 0.003665656922856397,
            "min": 0,
            "med": 0.002,
            "max": 1.631
        },
        "http_req_receiving": {
            "p(90)": 2.862,
            "p(95)": 5.278599999999973,
            "avg": 3.2868941570529806,
            "min": 0.004,
            "med": 1.453,
            "max": 181.743
        },
        "vus_max": {
            "value": 1000,
            "min": 1000,
            "max": 1000
        },
        "http_req_sending": {
            "p(95)": 0.01,
            "avg": 0.0061657670160703264,
            "min": 0.001,
            "med": 0.006,
            "max": 0.209,
            "p(90)": 0.008
        },
        "server_time_ms": {
            "avg": 284.4874465847747,
            "min": 0.552,
            "med": 129.471,
            "max": 4613.781,
            "p(90)": 680.7192,
            "p(95)": 967.693799999998
        },
        "checks": {
            "passes": 149873,
            "fails": 0,
            "value": 1
        }
    },
    "root_group": {
        "id": "d41d8cd98f00b204e9800998ecf8427e",
        "groups": {},
        "checks": {
                "status was 200": {
                    "name": "status was 200",
                    "path": "::status was 200",
                    "id": "1461660757a913d4fb82ac4c5e1009de",
                    "passes": 149873,
                    "fails": 0
                }
            },
        "name": "",
        "path": ""
    }
}