{
    "metrics": {
        "http_req_duration{expected_response:true}": {
            "avg": 218.94002628716123,
            "min": 0.619,
            "med": 169.766,
            "max": 2395.495,
            "p(90)": 470.4520000000001,
            "p(95)": 593.3174
        },
        "http_req_connecting": {
            "min": 0,
            "med": 0,
            "max": 0.487,
            "p(90)": 0,
            "p(95)": 0,
            "avg": 0.0008935599996462028
        },
        "http_req_sending": {
            "p(90)": 0.01,
            "p(95)": 0.011,
            "avg": 0.007078295403280664,
            "min": 0.001,
            "med": 0.007,
            "max": 0.239
        },
        "http_req_blocked": {
            "avg": 0.0029632669668050284,
            "min": 0,
            "med": 0.002,
            "max": 11.819,
            "p(90)": 0.002,
            "p(95)": 0.003
        },
        "iteration_duration": {
            "avg": 219.01362380618173,
            "min": 0.63725,
            "med": 169.840709,
            "max": 2395.537667,
            "p(90)": 470.53838340000004,
            "p(95)": 593.3814837
        },
        "http_req_receiving": {
            "avg": 3.4962296853854844,
            "min": 0.005,
            "med": 1.569,
            "max": 171.25,
            "p(90)": 3.019,
            "p(95)": 5.3570999999999955
        },
        "vus": {
            "value": 500,
            "min": 7,
            "max": 500
        },
        "server_time_ms": {
            "p(90)": 435.07820000000004,
            "p(95)": 584.3675,
            "avg": 206.46273988802133,
            "min": 0.457,
            "med": 136.13,
            "max": 2339.538
        },
        "data_received": {
            "count": 40136124,
            "rate": 500823.7499531602
        },
        "checks": {
            "passes": 113059,
            "fails": 0,
            "value": 1
        },
        "vus_max": {
            "min": 500,
            "max": 500,
            "value": 500
        },
        "http_req_failed": {
            "passes": 0,
            "fails": 113059,
            "thresholds": {
                "rate<0.05": false
            },
            "value": 0
        },
        "http_req_tls_handshaking": {
            "p(95)": 0,
            "avg": 0,
            "min": 0,
            "med": 0,
            "max": 0,
            "p(90)": 0
        },
        "http_req_waiting": {
            "p(95)": 590.8014999999999,
            "avg": 215.43671830636922,
            "min": 0.598,
            "med": 164.973,
            "max": 2394.034,
            "p(90)": 465.07740000000007
        },
        "data_sent": {
            "count": 13902355,
            "rate": 173475.38502422572
        },
        "iterations": {
            "rate": 1410.7648348394164,
            "count": 113059
        },
        "http_reqs": {
            "count": 113059,
            "rate": 1410.7648348394164
        },
        "http_req_duration": {
            "p(90)": 470.4520000000001,
            "p(95)": 593.3174,
            "avg": 218.94002628716123,
            "min": 0.619,
            "med": 169.766,
            "max": 2395.495
        }
    },
    "root_group": {
        "groups": {},
        "checks": {
                "POST 201 or 409": {
                    "name": "POST 201 or 409",
                    "path": "::POST 201 or 409",
                    "id": "0edc5466e02b833ad18f1a769353d403",
                    "passes": 28233,
                    "fails": 0
                },
                "GET 200": {
                    "name": "GET 200",
                    "path": "::GET 200",
                    "id": "835c47aa361246554e0c8a59faa18f11",
                    "passes": 79336,
                    "fails": 0
                },
                "PATCH 200 or 404": {
                    "name": "PATCH 200 or 404",
                    "path": "::PATCH 200 or 404",
                    "id": "a4d3745eb5e47e9549a7d2932ef53a52",
                    "passes": 5490,
                    "fails": 0
                }
            },
        "name": "",
        "path": "",
        "id": "d41d8cd98f00b204e9800998ecf8427e"
    }
}