{
    "metrics": {
        "http_req_connecting": {
            "min": 0,
            "med": 0,
            "max": 0.491,
            "p(90)": 0,
            "p(95)": 0,
            "avg": 0.0013540195897246367
        },
        "iteration_duration": {
            "med": 223.428667,
            "max": 2092.652333,
            "p(90)": 626.07725,
            "p(95)": 732.5463414,
            "avg": 267.8332198116303,
            "min": 50.990833
        },
        "http_req_duration{expected_response:true}": {
            "avg": 267.7856343620996,
            "min": 50.95,
            "med": 223.376,
            "max": 2092.604,
            "p(90)": 626.0136000000001,
            "p(95)": 732.5126
        },
        "http_req_blocked": {
            "avg": 0.0030726421487127886,
            "min": 0,
            "med": 0.001,
            "max": 1.475,
            "p(90)": 0.002,
            "p(95)": 0.002
        },
        "iterations": {
            "count": 81165,
            "rate": 1004.6103029188765
        },
        "data_sent": {
            "count": 6817860,
            "rate": 84387.26544518562
        },
        "http_reqs": {
            "count": 81165,
            "rate": 1004.6103029188765
        },
        "vus_max": {
            "value": 500,
            "min": 500,
            "max": 500
        },
        "checks": {
            "passes": 81165,
            "fails": 0,
            "value": 1
        },
        "vus": {
            "value": 500,
            "min": 4,
            "max": 500
        },
        "http_req_failed": {
            "fails": 81165,
            "passes": 0,
            "thresholds": {
                "rate<0.05": false
            },
            "value": 0
        },
        "http_req_receiving": {
            "p(95)": 0.262,
            "avg": 0.09367346762767405,
            "min": 0.005,
            "med": 0.067,
            "max": 14.942,
            "p(90)": 0.204
        },
        "server_time_ms": {
            "max": 2091.408,
            "p(90)": 625.3720000000001,
            "p(95)": 731.9362,
            "avg": 267.2382934516099,
            "min": 50.701,
            "med": 222.877
        },
        "http_req_tls_handshaking": {
            "min": 0,
            "med": 0,
            "max": 0,
            "p(90)": 0,
            "p(95)": 0,
            "avg": 0
        },
        "http_req_sending": {
            "avg": 0.005366241606599688,
            "min": 0.001,
            "med": 0.005,
            "max": 0.789,
            "p(90)": 0.007,
            "p(95)": 0.009
        },
        "http_req_waiting": {
            "min": 50.922,
            "med": 223.32,
            "max": 2092.31,
            "p(90)": 625.9138000000002,
            "p(95)": 732.4001999999999,
            "avg": 267.6865946528694
        },
        "data_received": {
            "count": 13452986,
            "rate": 166512.76215885425
        },
        "http_req_duration": {
            "avg": 267.7856343620996,
            "min": 50.95,
            "med": 223.376,
            "max": 2092.604,
            "p(90)": 626.0136000000001,
            "p(95)": 732.5126
        }
    },
    "root_group": {
        "path": "",
        "id": "d41d8cd98f00b204e9800998ecf8427e",
        "groups": {},
        "checks": {
                "status was 200": {
                    "fails": 0,
                    "name": "status was 200",
                    "path": "::status was 200",
                    "id": "1461660757a913d4fb82ac4c5e1009de",
                    "passes": 81165
                }
            },
        "name": ""
    }
}