{
    "metrics": {
        "http_req_duration": {
            "max": 2174.345,
            "p(90)": 458.79440000000005,
            "p(95)": 592.3761,
            "avg": 218.67624545590803,
            "min": 0.644,
            "med": 172.884
        },
        "http_req_duration{expected_response:true}": {
            "p(90)": 458.79440000000005,
            "p(95)": 592.3761,
            "avg": 218.67624545590803,
            "min": 0.644,
            "med": 172.884,
            "max": 2174.345
        },
        "http_req_connecting": {
            "min": 0,
            "med": 0,
            "max": 0.722,
            "p(90)": 0,
            "p(95)": 0,
            "avg": 0.0011805100680620424
        },
        "server_time_ms": {
            "p(95)": 582.9735999999999,
            "avg": 206.35232894887824,
            "min": 0.472,
            "med": 144.254,
            "max": 2170.77,
            "p(90)": 423.2234000000001
        },
        "iteration_duration": {
            "med": 172.953584,
            "max": 2174.421458,
            "p(90)": 458.8788,
            "p(95)": 592.4524621999999,
            "avg": 218.7504705048323,
            "min": 0.667625
        },
        "http_req_receiving": {
            "avg": 3.461191703669678,
            "min": 0.005,
            "med": 1.536,
            "max": 166.456,
            "p(90)": 3.004,
            "p(95)": 5.319
        },
        "iterations": {
            "count": 113279,
            "rate": 1412.9497463546966
        },
        "vus": {
            "max": 500,
            "value": 500,
            "min": 7
        },
        "http_reqs": {
            "rate": 1412.9497463546966,
            "count": 113279
        },
        "http_req_blocked": {
            "med": 0.002,
            "max": 1.635,
            "p(90)": 0.003,
            "p(95)": 0.003,
            "avg": 0.003236310348784136,
            "min": 0
        },
        "http_req_sending": {
            "p(95)": 0.011,
            "avg": 0.007089725368334045,
            "min": 0.001,
            "med": 0.007,
            "max": 0.141,
            "p(90)": 0.01
        },
        "vus_max": {
            "min": 500,
            "max": 500,
            "value": 500
        },
        "checks": {
            "passes": 113279,
            "fails": 0,
            "value": 1
        },
        "data_received": {
            "count": 40238328,
            "rate": 501900.04626927397
        },
        "http_req_tls_handshaking": {
            "min": 0,
            "med": 0,
            "max": 0,
            "p(90)": 0,
            "p(95)": 0,
            "avg": 0
        },
        "http_req_waiting": {
            "max": 2173.403,
            "p(90)": 442.24960000000016,
            "p(95)": 590.2052999999997,
            "avg": 215.20796402687287,
            "min": 0.617,
            "med": 168.466
        },
        "http_req_failed": {
            "passes": 0,
            "fails": 113279,
            "thresholds": {
                "rate<0.05": false
            },
            "value": 0
        },
        "data_sent": {
            "count": 13922895,
            "rate": 173662.82328386616
        }
    },
    "root_group": {
        "name": "",
        "path": "",
        "id": "d41d8cd98f00b204e9800998ecf8427e",
        "groups": {},
        "checks": {
                "GET 200": {
                    "fails": 0,
                    "name": "GET 200",
                    "path": "::GET 200",
                    "id": "835c47aa361246554e0c8a59faa18f11",
                    "passes": 79469
                },
                "POST 201 or 409": {
                    "id": "0edc5466e02b833ad18f1a769353d403",
                    "passes": 28196,
                    "fails": 0,
                    "name": "POST 201 or 409",
                    "path": "::POST 201 or 409"
                },
                "PATCH 200 or 404": {
                    "id": "a4d3745eb5e47e9549a7d2932ef53a52",
                    "passes": 5614,
                    "fails": 0,
                    "name": "PATCH 200 or 404",
                    "path": "::PATCH 200 or 404"
                }
            }
    }
}