{
    "root_group": {
        "path": "",
        "id": "d41d8cd98f00b204e9800998ecf8427e",
        "groups": {},
        "checks": {
                "status was 200": {
                    "passes": 79273,
                    "fails": 0,
                    "name": "status was 200",
                    "path": "::status was 200",
                    "id": "1461660757a913d4fb82ac4c5e1009de"
                }
            },
        "name": ""
    },
    "metrics": {
        "http_req_sending": {
            "med": 0.005,
            "max": 0.282,
            "p(90)": 0.007,
            "p(95)": 0.009,
            "avg": 0.005408323136498696,
            "min": 0.001
        },
        "http_req_connecting": {
            "p(95)": 0,
            "avg": 0.001420319654863575,
            "min": 0,
            "med": 0,
            "max": 0.572,
            "p(90)": 0
        },
        "http_req_blocked": {
            "p(90)": 0.002,
            "p(95)": 0.002,
            "avg": 0.003183593405071984,
            "min": 0,
            "med": 0.001,
            "max": 1.631
        },
        "http_req_waiting": {
            "p(90)": 567.6330000000002,
            "p(95)": 668.4534,
            "avg": 273.9329257376386,
            "min": 51.018,
            "med": 225.973,
            "max": 1320.193
        },
        "data_sent": {
            "rate": 82543.66088580777,
            "count": 6658932
        },
        "iterations": {
            "count": 79273,
            "rate": 982.6626295929497
        },
        "data_received": {
            "count": 13141555,
            "rate": 162901.80759199697
        },
        "http_req_duration": {
            "max": 1320.447,
            "p(90)": 567.8902000000003,
            "p(95)": 668.5369999999999,
            "avg": 274.0316576387906,
            "min": 51.046,
            "med": 226.075
        },
        "vus_max": {
            "value": 500,
            "min": 500,
            "max": 500
        },
        "vus": {
            "value": 500,
            "min": 4,
            "max": 500
        },
        "http_req_failed": {
            "passes": 0,
            "fails": 79273,
            "thresholds": {
                "rate<0.05": false
            },
            "value": 0
        },
        "http_reqs": {
            "count": 79273,
            "rate": 982.6626295929497
        },
        "iteration_duration": {
            "med": 226.117209,
            "max": 1320.481833,
            "p(90)": 567.9258578000002,
            "p(95)": 668.5771172,
            "avg": 274.07916243616506,
            "min": 51.086208
        },
        "http_req_receiving": {
            "avg": 0.09332357801521537,
            "min": 0.005,
            "med": 0.067,
            "max": 13.323,
            "p(90)": 0.202,
            "p(95)": 0.261
        },
        "http_req_tls_handshaking": {
            "min": 0,
            "med": 0,
            "max": 0,
            "p(90)": 0,
            "p(95)": 0,
            "avg": 0
        },
        "checks": {
            "passes": 79273,
            "fails": 0,
            "value": 1
        },
        "http_req_duration{expected_response:true}": {
            "avg": 274.0316576387906,
            "min": 51.046,
            "med": 226.075,
            "max": 1320.447,
            "p(90)": 567.8902000000003,
            "p(95)": 668.5369999999999
        },
        "server_time_ms": {
            "min": 50.755,
            "med": 225.544,
            "max": 1318.847,
            "p(90)": 567.2232000000002,
            "p(95)": 668.0125999999999,
            "avg": 273.4893050597304
        }
    }
}