{
    "root_group": {
        "name": "",
        "path": "",
        "id": "d41d8cd98f00b204e9800998ecf8427e",
        "groups": {},
        "checks": {
                "GET 200": {
                    "name": "GET 200",
                    "path": "::GET 200",
                    "id": "835c47aa361246554e0c8a59faa18f11",
                    "passes": 79809,
                    "fails": 0
                },
                "POST 201 or 409": {
                    "fails": 0,
                    "name": "POST 201 or 409",
                    "path": "::POST 201 or 409",
                    "id": "0edc5466e02b833ad18f1a769353d403",
                    "passes": 28266
                },
                "PATCH 200 or 404": {
                    "path": "::PATCH 200 or 404",
                    "id": "a4d3745eb5e47e9549a7d2932ef53a52",
                    "passes": 5688,
                    "fails": 0,
                    "name": "PATCH 200 or 404"
                }
            }
    },
    "metrics": {
        "data_received": {
            "count": 40409649,
            "rate": 503999.4908326174
        },
        "vus_max": {
            "value": 500,
            "min": 500,
            "max": 500
        },
        "http_req_blocked": {
            "min": 0,
            "med": 0.002,
            "max": 2.085,
            "p(90)": 0.003,
            "p(95)": 0.003,
            "avg": 0.003231446076491522
        },
        "vus": {
            "value": 500,
            "min": 7,
            "max": 500
        },
        "http_req_failed": {
            "passes": 0,
            "fails": 113763,
            "thresholds": {
                "rate<0.05": false
            },
            "value": 0
        },
        "http_req_duration{expected_response:true}": {
            "max": 2478.778,
            "p(90)": 446.68200000000024,
            "p(95)": 595.2116999999998,
            "avg": 217.7303789105456,
            "min": 0.636,
            "med": 171.226
        },
        "http_reqs": {
            "count": 113763,
            "rate": 1418.8812695599274
        },
        "http_req_waiting": {
            "min": 0.624,
            "med": 166.842,
            "max": 2477.41,
            "p(90)": 434.6350000000003,
            "p(95)": 592.9147,
            "avg": 214.2484567126405
        },
        "iteration_duration": {
            "avg": 217.8042417684764,
            "min": 0.658542,
            "med": 171.314292,
            "max": 2478.82175,
            "p(90)": 446.7347828000002,
            "p(95)": 595.2596713999999
        },
        "http_req_receiving": {
            "avg": 3.474777001309728,
            "min": 0.004,
            "med": 1.55,
            "max": 170.947,
            "p(90)": 2.985,
            "p(95)": 5.143899999999995
        },
        "http_req_connecting": {
            "avg": 0.001163427476420278,
            "min": 0,
            "med": 0,
            "max": 0.533,
            "p(90)": 0,
            "p(95)": 0
        },
        "data_sent": {
            "count": 13978856,
            "rate": 174347.87187640453
        },
        "iterations": {
            "count": 113763,
            "rate": 1418.8812695599274
        },
        "checks": {
            "passes": 113763,
            "fails": 0,
            "value": 1
        },
        "http_req_duration": {
            "avg": 217.7303789105456,
            "min": 0.636,
            "med": 171.226,
            "max": 2478.778,
            "p(90)": 446.68200000000024,
            "p(95)": 595.2116999999998
        },
        "server_time_ms": {
            "p(90)": 422.266,
            "p(95)": 586.0208999999999,
            "avg": 205.32836823044272,
            "min": 0.474,
            "med": 138.137,
            "max": 2472.878
        },
        "http_req_tls_handshaking": {
            "avg": 0,
            "min": 0,
            "med": 0,
            "max": 0,
            "p(90)": 0,
            "p(95)": 0
        },
        "http_req_sending": {
            "min": 0.001,
            "med": 0.007,
            "max": 0.306,
            "p(90)": 0.01,
            "p(95)": 0.011,
            "avg": 0.007145196592912709
        }
    }
}