{
    "metrics": {
        "data_received": {
            "count": 13278072,
            "rate": 164400.93289780407
        },
        "iteration_duration": {
            "avg": 271.33802690191857,
            "min": 50.979,
            "med": 242.332375,
            "max": 2094.458917,
            "p(90)": 594.3762918000001,
            "p(95)": 734.3804205
        },
        "http_req_tls_handshaking": {
            "max": 0,
            "p(90)": 0,
            "p(95)": 0,
            "avg": 0,
            "min": 0,
            "med": 0
        },
        "checks": {
            "passes": 80087,
            "fails": 0,
            "value": 1
        },
        "http_req_blocked": {
            "p(90)": 0.002,
            "p(95)": 0.002,
            "avg": 0.0031305080724746254,
            "min": 0,
            "med": 0.001,
            "max": 2.101
        },
        "vus_max": {
            "value": 500,
            "min": 500,
            "max": 500
        },
        "server_time_ms": {
            "p(90)": 593.8834,
            "p(95)": 733.7863,
            "avg": 270.7532393896653,
            "min": 50.65,
            "med": 241.73,
            "max": 2094.059
        },
        "http_req_connecting": {
            "max": 0.489,
            "p(90)": 0,
            "p(95)": 0,
            "avg": 0.0013794248754479535,
            "min": 0,
            "med": 0
        },
        "http_req_waiting": {
            "p(90)": 594.2666,
            "p(95)": 734.226,
            "avg": 271.19321457914407,
            "min": 50.92,
            "med": 242.18,
            "max": 2094.352
        },
        "data_sent": {
            "count": 6727308,
            "rate": 83293.39614146244
        },
        "vus": {
            "value": 500,
            "min": 4,
            "max": 500
        },
        "http_req_failed": {
            "passes": 0,
            "fails": 80087,
            "thresholds": {
                "rate<0.05": false
            },
            "value": 0
        },
        "http_req_receiving": {
            "med": 0.066,
            "max": 10.852,
            "p(90)": 0.2,
            "p(95)": 0.256,
            "avg": 0.09181942137925125,
            "min": 0.006
        },
        "http_req_sending": {
            "max": 1.343,
            "p(90)": 0.007,
            "p(95)": 0.009,
            "avg": 0.005445253287046021,
            "min": 0.001,
            "med": 0.005
        },
        "http_reqs": {
            "count": 80087,
            "rate": 991.5880493031243
        },
        "iterations": {
            "count": 80087,
            "rate": 991.5880493031243
        },
        "http_req_duration{expected_response:true}": {
            "p(95)": 734.3387,
            "avg": 271.29047925381303,
            "min": 50.942,
            "med": 242.278,
            "max": 2094.391,
            "p(90)": 594.3322000000002
        },
        "http_req_duration": {
            "avg": 271.29047925381303,
            "min": 50.942,
            "med": 242.278,
            "max": 2094.391,
            "p(90)": 594.3322000000002,
            "p(95)": 734.3387
        }
    },
    "root_group": {
        "groups": {},
        "checks": {
                "status was 200": {
                    "path": "::status was 200",
                    "id": "1461660757a913d4fb82ac4c5e1009de",
                    "passes": 80087,
                    "fails": 0,
                    "name": "status was 200"
                }
            },
        "name": "",
        "path": "",
        "id": "d41d8cd98f00b204e9800998ecf8427e"
    }
}