{
    "root_group": {
        "path": "",
        "id": "d41d8cd98f00b204e9800998ecf8427e",
        "groups": {},
        "checks": {
                "status was 200": {
                    "id": "1461660757a913d4fb82ac4c5e1009de",
                    "passes": 134866,
                    "fails": 0,
                    "name": "status was 200",
                    "path": "::status was 200"
                }
            },
        "name": ""
    },
    "metrics": {
        "http_req_blocked": {
            "avg": 0.0036103910548227498,
            "min": 0,
            "med": 0.001,
            "max": 1.543,
            "p(90)": 0.002,
            "p(95)": 0.003
        },
        "http_req_failed": {
            "passes": 0,
            "fails": 134866,
            "thresholds": {
                "rate<0.01": false
            },
            "value": 0
        },
        "http_req_tls_handshaking": {
            "max": 0,
            "p(90)": 0,
            "p(95)": 0,
            "avg": 0,
            "min": 0,
            "med": 0
        },
        "data_received": {
            "count": 54933090,
            "rate": 606349.9313863078
        },
        "iteration_duration": {
            "p(95)": 786.98973975,
            "avg": 330.285798730088,
            "min": 0.67225,
            "med": 264.78999999999996,
            "max": 899.593084,
            "p(90)": 737.8693545
        },
        "vus": {
            "max": 1000,
            "value": 1000,
            "min": 4
        },
        "http_req_receiving": {
            "min": 0.004,
            "med": 0.022,
            "max": 64.494,
            "p(90)": 0.54,
            "p(95)": 1.023749999999994,
            "avg": 0.38745710557137925
        },
        "data_sent": {
            "count": 11179119,
            "rate": 123394.80700265305
        },
        "iterations": {
            "count": 134866,
            "rate": 1488.6471859920093
        },
        "http_reqs": {
            "count": 134866,
            "rate": 1488.6471859920093
        },
        "http_req_waiting": {
            "p(90)": 736.367,
            "p(95)": 786.6715,
            "avg": 329.8319306941697,
            "min": 0.638,
            "med": 263.919,
            "max": 898.84
        },
        "http_req_connecting": {
            "avg": 0.0016625242833627446,
            "min": 0,
            "med": 0,
            "max": 0.654,
            "p(90)": 0,
            "p(95)": 0
        },
        "checks": {
            "fails": 0,
            "passes": 134866,
            "value": 1
        },
        "vus_max": {
            "max": 1000,
            "value": 1000,
            "min": 1000
        },
        "http_req_sending": {
            "avg": 0.0063263683952890365,
            "min": 0.001,
            "med": 0.006,
            "max": 0.531,
            "p(90)": 0.008,
            "p(95)": 0.009
        },
        "http_req_duration{expected_response:true}": {
            "max": 899.544,
            "p(90)": 737.8145000000001,
            "p(95)": 786.9374999999999,
            "avg": 330.2257141681382,
            "min": 0.65,
            "med": 264.71500000000003
        },
        "server_time_ms": {
            "avg": 7.821408049471316,
            "min": 0.277,
            "med": 3.389,
            "max": 84.728,
            "p(90)": 7.343,
            "p(95)": 58.056
        },
        "http_req_duration": {
            "avg": 330.2257141681382,
            "min": 0.65,
            "med": 264.71500000000003,
            "max": 899.544,
            "p(90)": 737.8145000000001,
            "p(95)": 786.9374999999999,
            "thresholds": {
                "p(95)<2000": false
            }
        }
    }
}