{
    "root_group": {
        "checks": {
            "POST 201 or 409": {
                "passes": 21302,
                "fails": 0,
                "name": "POST 201 or 409",
                "path": "::POST 201 or 409",
                "id": "0edc5466e02b833ad18f1a769353d403"
            },
            "GET 200": {
                "passes": 59573,
                "fails": 0,
                "name": "GET 200",
                "path": "::GET 200",
                "id": "835c47aa361246554e0c8a59faa18f11"
            },
            "PATCH 200 or 404": {
                "name": "PATCH 200 or 404",
                "path": "::PATCH 200 or 404",
                "id": "a4d3745eb5e47e9549a7d2932ef53a52",
                "passes": 4247,
                "fails": 0
            }
        },
        "name": "",
        "path": "",
        "id": "d41d8cd98f00b204e9800998ecf8427e",
        "groups": {}
    },
    "metrics": {
        "data_received": {
            "count": 45041540,
            "rate": 560612.547341918
        },
        "vus_max": {
            "value": 500,
            "min": 500,
            "max": 500
        },
        "data_sent": {
            "count": 16262364,
            "rate": 202410.60380798485
        },
        "iterations": {
            "count": 85122,
            "rate": 1059.476679856833
        },
        "http_reqs": {
            "count": 106424,
            "rate": 1324.6134510124716
        },
        "http_req_waiting": {
            "avg": 232.56265965383812,
            "min": 0.305,
            "med": 237.401,
            "max": 577.177,
            "p(90)": 404.303,
            "p(95)": 421.0877
        },
        "server_time_ms": {
            "min": 0.302,
            "med": 4.644,
            "max": 97.522,
            "p(90)": 55.7058,
            "p(95)": 61.90284999999999,
            "avg": 11.346907861657522
        },
        "vus": {
            "min": 7,
            "max": 500,
            "value": 500
        },
        "http_req_duration": {
            "med": 239.1455,
            "max": 578.445,
            "p(90)": 404.5387,
            "p(95)": 421.76484999999997,
            "avg": 233.0914322897093,
            "min": 0.327
        },
        "http_req_receiving": {
            "avg": 0.5217467018716726,
            "min": 0.005,
            "med": 0.025,
            "max": 73.877,
            "p(90)": 0.586,
            "p(95)": 1.131
        },
        "checks": {
            "passes": 85122,
            "fails": 0,
            "value": 1
        },
        "http_req_duration{expected_response:true}": {
            "min": 0.327,
            "med": 239.1455,
            "max": 578.445,
            "p(90)": 404.5387,
            "p(95)": 421.76484999999997,
            "avg": 233.0914322897093
        },
        "http_req_sending": {
            "avg": 0.007025933999843883,
            "min": 0.001,
            "med": 0.007,
            "max": 0.443,
            "p(90)": 0.009,
            "p(95)": 0.011
        },
        "http_req_connecting": {
            "p(90)": 0,
            "p(95)": 0,
            "avg": 0.0009577350973464643,
            "min": 0,
            "med": 0,
            "max": 0.457
        },
        "iteration_duration": {
            "min": 0.62325,
            "med": 289.73035400000003,
            "max": 1065.905292,
            "p(90)": 607.5202378,
            "p(95)": 766.7206514499997,
            "avg": 291.49495143983006
        },
        "http_req_blocked": {
            "avg": 0.002845598737127431,
            "min": 0,
            "med": 0.002,
            "max": 1.653,
            "p(90)": 0.002,
            "p(95)": 0.003
        },
        "http_req_tls_handshaking": {
            "avg": 0,
            "min": 0,
            "med": 0,
            "max": 0,
            "p(90)": 0,
            "p(95)": 0
        },
        "http_req_failed": {
            "passes": 0,
            "fails": 106424,
            "thresholds": {
                "rate<0.05": false
            },
            "value": 0
        }
    }
}