{
    "root_group": {
        "name": "",
        "path": "",
        "id": "d41d8cd98f00b204e9800998ecf8427e",
        "groups": {},
        "checks": {
                "status was 200": {
                    "id": "1461660757a913d4fb82ac4c5e1009de",
                    "passes": 22226,
                    "fails": 0,
                    "name": "status was 200",
                    "path": "::status was 200"
                }
            }
    },
    "metrics": {
        "http_req_tls_handshaking": {
            "max": 0,
            "p(90)": 0,
            "p(95)": 0,
            "avg": 0,
            "min": 0,
            "med": 0
        },
        "iteration_duration": {
            "avg": 993.3613823106708,
            "min": 51.173917,
            "med": 949.969292,
            "max": 2553.289959,
            "p(90)": 1999.821687,
            "p(95)": 2469.00822925
        },
        "http_req_receiving": {
            "avg": 0.2471453702870512,
            "min": 0.006,
            "med": 0.047,
            "max": 28.459,
            "p(90)": 0.6475000000000005,
            "p(95)": 1.238
        },
        "http_req_duration{expected_response:true}": {
            "max": 2553.181,
            "p(90)": 1999.75,
            "p(95)": 2468.90525,
            "avg": 993.2402268064467,
            "min": 51.088,
            "med": 949.857
        },
        "http_req_sending": {
            "med": 0.011,
            "max": 0.28,
            "p(90)": 0.018,
            "p(95)": 0.022,
            "avg": 0.01241833888238908,
            "min": 0.001
        },
        "server_time_ms": {
            "avg": 54.92639503284402,
            "min": 50.551,
            "med": 54.17,
            "max": 89.058,
            "p(90)": 58.608,
            "p(95)": 60.478249999999996
        },
        "iterations": {
            "count": 22226,
            "rate": 269.34590668690055
        },
        "http_req_connecting": {
            "min": 0,
            "med": 0,
            "max": 1.093,
            "p(90)": 0,
            "p(95)": 0,
            "avg": 0.007612210924142904
        },
        "http_req_waiting": {
            "med": 949.5830000000001,
            "max": 2553.137,
            "p(90)": 1999.5330000000001,
            "p(95)": 2468.5984999999996,
            "avg": 992.9806630972727,
            "min": 51.065
        },
        "vus": {
            "value": 38,
            "min": 4,
            "max": 500
        },
        "vus_max": {
            "value": 500,
            "min": 500,
            "max": 500
        },
        "http_req_blocked": {
            "avg": 0.012892423288039988,
            "min": 0,
            "med": 0.003,
            "max": 1.968,
            "p(90)": 0.006,
            "p(95)": 0.007
        },
        "http_req_failed": {
            "passes": 0,
            "fails": 22226,
            "thresholds": {
                "rate<0.05": false
            },
            "value": 0
        },
        "data_sent": {
            "rate": 22625.056161699646,
            "count": 1866984
        },
        "checks": {
            "fails": 0,
            "passes": 22226,
            "value": 1
        },
        "http_reqs": {
            "count": 22226,
            "rate": 269.34590668690055
        },
        "http_req_duration": {
            "med": 949.857,
            "max": 2553.181,
            "p(90)": 1999.75,
            "p(95)": 2468.90525,
            "avg": 993.2402268064467,
            "min": 51.088
        },
        "data_received": {
            "count": 4356296,
            "rate": 52791.797710632505
        }
    }
}