{
    "root_group": {
        "name": "",
        "path": "",
        "id": "d41d8cd98f00b204e9800998ecf8427e",
        "groups": {},
        "checks": {
                "status was 200": {
                    "fails": 0,
                    "name": "status was 200",
                    "path": "::status was 200",
                    "id": "1461660757a913d4fb82ac4c5e1009de",
                    "passes": 21991
                }
            }
    },
    "metrics": {
        "checks": {
            "passes": 21991,
            "fails": 0,
            "value": 1
        },
        "http_req_blocked": {
            "avg": 0.01295479969078145,
            "min": 0,
            "med": 0.003,
            "max": 2.414,
            "p(90)": 0.006,
            "p(95)": 0.007
        },
        "http_req_waiting": {
            "avg": 1005.5613449593023,
            "min": 51.811,
            "med": 897.584,
            "max": 3231.892,
            "p(90)": 2175.884,
            "p(95)": 3049.5009999999997
        },
        "http_req_connecting": {
            "min": 0,
            "med": 0,
            "max": 0.712,
            "p(90)": 0,
            "p(95)": 0,
            "avg": 0.007642035378109227
        },
        "iterations": {
            "count": 21991,
            "rate": 264.59421293196124
        },
        "vus": {
            "value": 9,
            "min": 4,
            "max": 500
        },
        "data_sent": {
            "count": 1847244,
            "rate": 22225.913886284743
        },
        "http_req_failed": {
            "passes": 0,
            "fails": 21991,
            "thresholds": {
                "rate<0.05": false
            },
            "value": 0
        },
        "iteration_duration": {
            "avg": 1005.9552140306511,
            "min": 51.910458,
            "med": 898.090792,
            "max": 3232.029584,
            "p(90)": 2176.280875,
            "p(95)": 3049.9968955
        },
        "http_req_sending": {
            "avg": 0.012611022691100015,
            "min": 0.001,
            "med": 0.011,
            "max": 0.225,
            "p(90)": 0.018,
            "p(95)": 0.022
        },
        "server_time_ms": {
            "p(95)": 61.15749999999999,
            "avg": 55.18217338911351,
            "min": 50.551,
            "med": 54.283,
            "max": 155.691,
            "p(90)": 58.97
        },
        "vus_max": {
            "value": 500,
            "min": 500,
            "max": 500
        },
        "http_req_duration": {
            "avg": 1005.8318885907862,
            "min": 51.847,
            "med": 897.986,
            "max": 3231.942,
            "p(90)": 2176.128,
            "p(95)": 3049.9109999999996
        },
        "data_received": {
            "count": 4310252,
            "rate": 51860.65824557373
        },
        "http_reqs": {
            "count": 21991,
            "rate": 264.59421293196124
        },
        "http_req_duration{expected_response:true}": {
            "avg": 1005.8318885907862,
            "min": 51.847,
            "med": 897.986,
            "max": 3231.942,
            "p(90)": 2176.128,
            "p(95)": 3049.9109999999996
        },
        "http_req_tls_handshaking": {
            "avg": 0,
            "min": 0,
            "med": 0,
            "max": 0,
            "p(90)": 0,
            "p(95)": 0
        },
        "http_req_receiving": {
            "max": 28.699,
            "p(90)": 0.687,
            "p(95)": 1.259999999999998,
            "avg": 0.2579326087945055,
            "min": 0.005,
            "med": 0.049
        }
    }
}