{
    "root_group": {
        "id": "d41d8cd98f00b204e9800998ecf8427e",
        "groups": {},
        "checks": {
                "status was 200": {
                    "id": "1461660757a913d4fb82ac4c5e1009de",
                    "passes": 21927,
                    "fails": 0,
                    "name": "status was 200",
                    "path": "::status was 200"
                }
            },
        "name": "",
        "path": ""
    },
    "metrics": {
        "iterations": {
            "count": 21927,
            "rate": 265.09184355787465
        },
        "http_req_connecting": {
            "p(95)": 0,
            "avg": 0.007767227618917323,
            "min": 0,
            "med": 0,
            "max": 0.766,
            "p(90)": 0
        },
        "server_time_ms": {
            "avg": 55.2565570757516,
            "min": 50.499,
            "med": 54.445,
            "max": 81.726,
            "p(90)": 59.258,
            "p(95)": 61.369099999999996
        },
        "vus": {
            "max": 500,
            "value": 59,
            "min": 4
        },
        "vus_max": {
            "min": 500,
            "max": 500,
            "value": 500
        },
        "http_req_sending": {
            "med": 0.011,
            "max": 0.339,
            "p(90)": 0.018,
            "p(95)": 0.022,
            "avg": 0.012659734573812208,
            "min": 0.001
        },
        "data_sent": {
            "count": 1841868,
            "rate": 22267.714858861473
        },
        "http_req_blocked": {
            "p(95)": 0.007,
            "avg": 0.013105851233637753,
            "min": 0,
            "med": 0.003,
            "max": 1.978,
            "p(90)": 0.006
        },
        "iteration_duration": {
            "p(95)": 2615.1286411,
            "avg": 1008.2345371843838,
            "min": 51.818125,
            "med": 905.065666,
            "max": 2747.70075,
            "p(90)": 2116.6198502
        },
        "http_req_failed": {
            "fails": 21927,
            "passes": 0,
            "thresholds": {
                "rate<0.05": false
            },
            "value": 0
        },
        "http_req_tls_handshaking": {
            "p(90)": 0,
            "p(95)": 0,
            "avg": 0,
            "min": 0,
            "med": 0,
            "max": 0
        },
        "checks": {
            "passes": 21927,
            "fails": 0,
            "value": 1
        },
        "http_req_duration{expected_response:true}": {
            "med": 904.897,
            "max": 2747.596,
            "p(90)": 2116.5056,
            "p(95)": 2615.0697999999998,
            "avg": 1008.1113798969296,
            "min": 51.771
        },
        "http_req_receiving": {
            "avg": 0.2623449172253392,
            "min": 0.005,
            "med": 0.047,
            "max": 19.56,
            "p(90)": 0.689,
            "p(95)": 1.305699999999999
        },
        "http_req_waiting": {
            "p(90)": 2116.3804,
            "p(95)": 2614.8273,
            "avg": 1007.8363752451304,
            "min": 51.742,
            "med": 904.683,
            "max": 2747.431
        },
        "data_received": {
            "count": 4297692,
            "rate": 51958.001337343434
        },
        "http_reqs": {
            "rate": 265.09184355787465,
            "count": 21927
        },
        "http_req_duration": {
            "avg": 1008.1113798969296,
            "min": 51.771,
            "med": 904.897,
            "max": 2747.596,
            "p(90)": 2116.5056,
            "p(95)": 2615.0697999999998
        }
    }
}