{
    "metrics": {
        "http_reqs": {
            "count": 106562,
            "rate": 1325.825852633664
        },
        "data_sent": {
            "count": 16232686,
            "rate": 201964.25326555938
        },
        "iterations": {
            "count": 85377,
            "rate": 1062.2457707278797
        },
        "http_req_tls_handshaking": {
            "max": 0,
            "p(90)": 0,
            "p(95)": 0,
            "avg": 0,
            "min": 0,
            "med": 0
        },
        "checks": {
            "passes": 85377,
            "fails": 0,
            "value": 1
        },
        "http_req_connecting": {
            "avg": 0.001380717328878963,
            "min": 0,
            "med": 0,
            "max": 10.556,
            "p(90)": 0,
            "p(95)": 0
        },
        "http_req_failed": {
            "passes": 0,
            "fails": 106562,
            "thresholds": {
                "rate<0.05": false
            },
            "value": 0
        },
        "http_req_waiting": {
            "p(95)": 421.76989999999995,
            "avg": 232.36136566505783,
            "min": 0.309,
            "med": 230.6455,
            "max": 577.936,
            "p(90)": 404.203
        },
        "http_req_duration": {
            "p(90)": 404.4488,
            "p(95)": 422.4482499999999,
            "avg": 232.8804602766495,
            "min": 0.319,
            "med": 231.4335,
            "max": 577.971
        },
        "vus_max": {
            "max": 500,
            "value": 500,
            "min": 500
        },
        "http_req_receiving": {
            "avg": 0.5120399204218357,
            "min": 0.004,
            "med": 0.025,
            "max": 76.165,
            "p(90)": 0.566,
            "p(95)": 1.0859499999999953
        },
        "iteration_duration": {
            "avg": 290.7406213727926,
            "min": 0.605459,
            "med": 287.432166,
            "max": 1055.319,
            "p(90)": 598.6709582,
            "p(95)": 767.5237252
        },
        "http_req_blocked": {
            "avg": 0.0033400461703036143,
            "min": 0,
            "med": 0.001,
            "max": 10.633,
            "p(90)": 0.002,
            "p(95)": 0.003
        },
        "http_req_sending": {
            "p(95)": 0.01,
            "avg": 0.007054691165700318,
            "min": 0.001,
            "med": 0.007,
            "max": 0.458,
            "p(90)": 0.009
        },
        "http_req_duration{expected_response:true}": {
            "med": 231.4335,
            "max": 577.971,
            "p(90)": 404.4488,
            "p(95)": 422.4482499999999,
            "avg": 232.8804602766495,
            "min": 0.319
        },
        "data_received": {
            "count": 45089352,
            "rate": 560993.867983891
        },
        "vus": {
            "min": 7,
            "max": 500,
            "value": 500
        },
        "server_time_ms": {
            "avg": 11.277594785480888,
            "min": 0.314,
            "med": 4.633,
            "max": 92.435,
            "p(90)": 53.5494,
            "p(95)": 62.1532
        }
    },
    "root_group": {
        "name": "",
        "path": "",
        "id": "d41d8cd98f00b204e9800998ecf8427e",
        "groups": {},
        "checks": {
                "GET 200": {
                    "passes": 59986,
                    "fails": 0,
                    "name": "GET 200",
                    "path": "::GET 200",
                    "id": "835c47aa361246554e0c8a59faa18f11"
                },
                "POST 201 or 409": {
                    "path": "::POST 201 or 409",
                    "id": "0edc5466e02b833ad18f1a769353d403",
                    "passes": 21185,
                    "fails": 0,
                    "name": "POST 201 or 409"
                },
                "PATCH 200 or 404": {
                    "passes": 4206,
                    "fails": 0,
                    "name": "PATCH 200 or 404",
                    "path": "::PATCH 200 or 404",
                    "id": "a4d3745eb5e47e9549a7d2932ef53a52"
                }
            }
    }
}